is_cagr,is_maxdd,is_sharpe,fw_cagr,fw_maxdd,fw_sharpe,full_cagr,full_maxdd,avg_exposure,turnover_py,label,overrides
0.2389898479344427,-0.3816679284409326,1.3087198118602432,0.160379009299971,-0.1976321281450583,0.9456494167308074,0.225307002513037,-0.3816679284409326,0.6202129614722303,3.3788722004480425,rand0040,"{""n_stocks"": 20, ""buffer_mult"": 3.0, ""mom_lookbacks"": [63, 126, 252], ""mom_skip"": 0, ""sigma_window"": 63, ""top_turnover"": 200, ""stock_sma"": 200, ""weighting"": ""equal"", ""regime_ma"": 200, ""idx_dd_exit"": 0.0, ""idx_dd_window"": 126, ""breadth_lo"": 0.3, ""breadth_hi"": 0.65, ""vol_target"": 0.3, ""vol_lambda"": 0.92, ""eq_brake_ma"": 300, ""eq_brake_scalar"": 0.5, ""crash_stop"": 0.3, ""use_breadth"": false}"
0.261270840515023,-0.2330982539428311,1.6735928002258822,0.06104445944401,-0.2637500828545051,0.5556048171502374,0.2241921264807445,-0.2637500828545051,0.4157892759039481,3.5035795295175083,rand0044,"{""n_stocks"": 10, ""buffer_mult"": 1.0, ""mom_lookbacks"": [126, 252], ""mom_skip"": 0, ""sigma_window"": 252, ""top_turnover"": 300, ""stock_sma"": 100, ""weighting"": ""equal"", ""regime_ma"": 300, ""idx_dd_exit"": 0.15, ""idx_dd_window"": 126, ""breadth_lo"": 0.3, ""breadth_hi"": 0.55, ""vol_target"": 0.18, ""vol_lambda"": 0.97, ""eq_brake_ma"": 200, ""eq_brake_scalar"": 0.3, ""crash_stop"": 0.3, ""use_breadth"": false}"
0.251684377402974,-0.501430914766494,1.361000204701749,0.2116699834049371,-0.202053095760849,1.1119761998794375,0.2450382629918115,-0.501430914766494,0.6704378512309691,3.95405472573505,rand0048,"{""n_stocks"": 20, ""buffer_mult"": 3.0, ""mom_lookbacks"": [126, 252], ""mom_skip"": 42, ""sigma_window"": 252, ""top_turnover"": 200, ""stock_sma"": 250, ""weighting"": ""equal"", ""regime_ma"": 200, ""idx_dd_exit"": 0.0, ""idx_dd_window"": 63, ""breadth_lo"": 0.3, ""breadth_hi"": 0.55, ""vol_target"": 0.3, ""vol_lambda"": 0.94, ""eq_brake_ma"": 0, ""eq_brake_scalar"": 0.5, ""crash_stop"": 0.25, ""use_breadth"": false}"
0.2332890398287672,-0.2853941893918694,1.661136261429038,0.1267767501305285,-0.1352598216187541,0.9407985702711716,0.2145001459694413,-0.2853941893918694,0.4981875091660103,3.916261521982606,rand0052,"{""n_stocks"": 20, ""buffer_mult"": 1.5, ""mom_lookbacks"": [189], ""mom_skip"": 21, ""sigma_window"": 63, ""top_turnover"": 150, ""stock_sma"": 200, ""weighting"": ""equal"", ""regime_ma"": 250, ""idx_dd_exit"": 0.1, ""idx_dd_window"": 63, ""breadth_lo"": 0.3, ""breadth_hi"": 0.5, ""vol_target"": 0.18, ""vol_lambda"": 0.97, ""eq_brake_ma"": 300, ""eq_brake_scalar"": 0.7, ""crash_stop"": 0.2, ""use_breadth"": true}"
0.302648437808801,-0.3053287987969411,1.6886085290037758,0.1148530230590005,-0.2332634993514798,0.7286379904460843,0.268076900929272,-0.3053287987969411,0.5819529153884935,3.611637074046406,rand0056,"{""n_stocks"": 15, ""buffer_mult"": 3.0, ""mom_lookbacks"": [63, 126, 252], ""mom_skip"": 21, ""sigma_window"": 252, ""top_turnover"": 200, ""stock_sma"": 100, ""weighting"": ""invvol"", ""regime_ma"": 250, ""idx_dd_exit"": 0.12, ""idx_dd_window"": 42, ""breadth_lo"": 0.2, ""breadth_hi"": 0.5, ""vol_target"": 0.3, ""vol_lambda"": 0.94, ""eq_brake_ma"": 300, ""eq_brake_scalar"": 0.7, ""crash_stop"": 0.25, ""use_breadth"": true}"
0.2085707157183369,-0.3196703218060549,1.303128119978002,0.141054212277224,-0.2390220496399685,0.8956183503544274,0.1967729910855586,-0.3196703218060549,0.6219518563816322,5.408849859488697,rand0060,"{""n_stocks"": 30, ""buffer_mult"": 1.0, ""mom_lookbacks"": [63, 126], ""mom_skip"": 42, ""sigma_window"": 126, ""top_turnover"": 150, ""stock_sma"": 200, ""weighting"": ""equal"", ""regime_ma"": 300, ""idx_dd_exit"": 0.12, ""idx_dd_window"": 42, ""breadth_lo"": 0.25, ""breadth_hi"": 0.45, ""vol_target"": 0.22, ""vol_lambda"": 0.94, ""eq_brake_ma"": 0, ""eq_brake_scalar"": 0.5, ""crash_stop"": 0.25, ""use_breadth"": true}"
0.2584846517837411,-0.2836671405388963,1.803714949322828,0.1209152673845828,-0.1779113994527428,0.9568417891051834,0.2335274750096538,-0.2836671405388963,0.5407932510422395,5.189158477226678,rand0064,"{""n_stocks"": 20, ""buffer_mult"": 1.0, ""mom_lookbacks"": [63, 126, 252], ""mom_skip"": 42, ""sigma_window"": 126, ""top_turnover"": 500, ""stock_sma"": 100, ""weighting"": ""invvol"", ""regime_ma"": 300, ""idx_dd_exit"": 0.0, ""idx_dd_window"": 42, ""breadth_lo"": 0.25, ""breadth_hi"": 0.65, ""vol_target"": 0.18, ""vol_lambda"": 0.9, ""eq_brake_ma"": 100, ""eq_brake_scalar"": 0.5, ""crash_stop"": 0.35, ""use_breadth"": false}"
0.2706437322469202,-0.2243360589862414,1.753348296375976,0.3042233700999475,-0.1914146872541231,1.934822049149203,0.2771752838695045,-0.2243360589862414,0.4454232693125557,4.697024864420794,rand0068,"{""n_stocks"": 10, ""buffer_mult"": 2.0, ""mom_lookbacks"": [126], ""mom_skip"": 10, ""sigma_window"": 126, ""top_turnover"": 800, ""stock_sma"": 100, ""weighting"": ""invvol"", ""regime_ma"": 150, ""idx_dd_exit"": 0.08, ""idx_dd_window"": 63, ""breadth_lo"": 0.25, ""breadth_hi"": 0.55, ""vol_target"": 0.22, ""vol_lambda"": 0.9, ""eq_brake_ma"": 100, ""eq_brake_scalar"": 0.3, ""crash_stop"": 0.35, ""use_breadth"": false}"
0.2394647483412268,-0.4240587305204065,1.1157648219513838,0.1657746485958295,-0.2847955349634662,0.8697274735804794,0.2271094232572881,-0.4240587305204065,0.7034863206088923,6.3635280472152775,rand0072,"{""n_stocks"": 10, ""buffer_mult"": 1.0, ""mom_lookbacks"": [63, 126], ""mom_skip"": 42, ""sigma_window"": 63, ""top_turnover"": 200, ""stock_sma"": 250, ""weighting"": ""equal"", ""regime_ma"": 250, ""idx_dd_exit"": 0.0, ""idx_dd_window"": 63, ""breadth_lo"": 0.15, ""breadth_hi"": 0.6, ""vol_target"": 0.0, ""vol_lambda"": 0.97, ""eq_brake_ma"": 0, ""eq_brake_scalar"": 0.5, ""crash_stop"": 0.35, ""use_breadth"": false}"
0.3709587131333052,-0.2828693653833495,2.0858139865250567,0.4192602848964519,-0.1585724168644674,2.4330466226798464,0.3804196300176563,-0.2828693653833495,0.5720845198851233,3.6515639389300527,rand0076,"{""n_stocks"": 20, ""buffer_mult"": 3.0, ""mom_lookbacks"": [189], ""mom_skip"": 21, ""sigma_window"": 126, ""top_turnover"": 800, ""stock_sma"": 100, ""weighting"": ""invvol"", ""regime_ma"": 150, ""idx_dd_exit"": 0.1, ""idx_dd_window"": 63, ""breadth_lo"": 0.3, ""breadth_hi"": 0.45, ""vol_target"": 0.0, ""vol_lambda"": 0.94, ""eq_brake_ma"": 150, ""eq_brake_scalar"": 0.3, ""crash_stop"": 0.0, ""use_breadth"": false}"
0.3307971563689078,-0.3051103666626646,1.81555245723847,0.1038771535162419,-0.256449216030514,0.6839293456589671,0.2894417706912355,-0.3051103666626646,0.5867097618076008,5.84324529141034,rand0080,"{""n_stocks"": 15, ""buffer_mult"": 2.0, ""mom_lookbacks"": [126, 252], ""mom_skip"": 10, ""sigma_window"": 126, ""top_turnover"": 500, ""stock_sma"": 150, ""weighting"": ""equal"", ""regime_ma"": 200, ""idx_dd_exit"": 0.08, ""idx_dd_window"": 42, ""breadth_lo"": 0.25, ""breadth_hi"": 0.45, ""vol_target"": 0.3, ""vol_lambda"": 0.9, ""eq_brake_ma"": 150, ""eq_brake_scalar"": 0.7, ""crash_stop"": 0.2, ""use_breadth"": false}"
0.2953107922670035,-0.2138131270885599,2.1646335240959,0.1779278144543219,-0.1501179456611102,1.3314001074374515,0.274151759836817,-0.2138131270885599,0.4797742662778785,4.431201365014025,rand0084,"{""n_stocks"": 20, ""buffer_mult"": 1.0, ""mom_lookbacks"": [252], ""mom_skip"": 10, ""sigma_window"": 63, ""top_turnover"": 300, ""stock_sma"": 100, ""weighting"": ""invvol"", ""regime_ma"": 200, ""idx_dd_exit"": 0.08, ""idx_dd_window"": 42, ""breadth_lo"": 0.25, ""breadth_hi"": 0.6, ""vol_target"": 0.18, ""vol_lambda"": 0.97, ""eq_brake_ma"": 200, ""eq_brake_scalar"": 0.7, ""crash_stop"": 0.0, ""use_breadth"": true}"
0.3187398933755088,-0.4427291125366169,1.757930787508721,0.25606404322061,-0.1512923978860969,1.48695179199094,0.3082623936579984,-0.4427291125366169,0.6372883886584136,4.783397332241969,rand0088,"{""n_stocks"": 30, ""buffer_mult"": 1.5, ""mom_lookbacks"": [189], ""mom_skip"": 42, ""sigma_window"": 252, ""top_turnover"": 500, ""stock_sma"": 150, ""weighting"": ""equal"", ""regime_ma"": 150, ""idx_dd_exit"": 0.12, ""idx_dd_window"": 42, ""breadth_lo"": 0.25, ""breadth_hi"": 0.5, ""vol_target"": 0.0, ""vol_lambda"": 0.92, ""eq_brake_ma"": 0, ""eq_brake_scalar"": 0.5, ""crash_stop"": 0.25, ""use_breadth"": false}"
0.2768626772315454,-0.3623943090314236,1.4866964281232784,0.0870127285729562,-0.2388003052025804,0.5639004620162177,0.2417827865762316,-0.3623943090314236,0.5699228506142824,5.317336576035781,rand0092,"{""n_stocks"": 10, ""buffer_mult"": 1.5, ""mom_lookbacks"": [63, 126, 252], ""mom_skip"": 10, ""sigma_window"": 252, ""top_turnover"": 300, ""stock_sma"": 200, ""weighting"": ""invvol"", ""regime_ma"": 150, ""idx_dd_exit"": 0.15, ""idx_dd_window"": 42, ""breadth_lo"": 0.3, ""breadth_hi"": 0.55, ""vol_target"": 0.22, ""vol_lambda"": 0.97, ""eq_brake_ma"": 0, ""eq_brake_scalar"": 0.7, ""crash_stop"": 0.2, ""use_breadth"": false}"
0.3280147387710699,-0.1835180359677899,2.180159793980687,0.1346967876488167,-0.19089395908129,1.1136861194101262,0.2922560233515339,-0.1908939590812899,0.4710706867445887,3.510850822737354,rand0096,"{""n_stocks"": 20, ""buffer_mult"": 3.0, ""mom_lookbacks"": [126], ""mom_skip"": 42, ""sigma_window"": 126, ""top_turnover"": 800, ""stock_sma"": 100, ""weighting"": ""equal"", ""regime_ma"": 250, ""idx_dd_exit"": 0.0, ""idx_dd_window"": 63, ""breadth_lo"": 0.3, ""breadth_hi"": 0.65, ""vol_target"": 0.22, ""vol_lambda"": 0.92, ""eq_brake_ma"": 300, ""eq_brake_scalar"": 0.7, ""crash_stop"": 0.35, ""use_breadth"": true}"
0.2506692422876417,-0.3338679026420872,1.7012905775809897,0.1004436903590273,-0.2434927214075316,0.7007358652751023,0.2235220823867183,-0.3338679026420872,0.5438195014039293,3.203807112606424,rand0100,"{""n_stocks"": 25, ""buffer_mult"": 1.5, ""mom_lookbacks"": [252], ""mom_skip"": 21, ""sigma_window"": 252, ""top_turnover"": 300, ""stock_sma"": 250, ""weighting"": ""equal"", ""regime_ma"": 250, ""idx_dd_exit"": 0.15, ""idx_dd_window"": 126, ""breadth_lo"": 0.15, ""breadth_hi"": 0.55, ""vol_target"": 0.18, ""vol_lambda"": 0.97, ""eq_brake_ma"": 0, ""eq_brake_scalar"": 0.5, ""crash_stop"": 0.3, ""use_breadth"": true}"
0.1914032857293695,-0.3423323670176831,1.1720429632987206,0.107054945402425,-0.1986788801727944,0.7777171714793328,0.1764069098218716,-0.3423323670176831,0.5469401853721094,3.690599955145689,rand0104,"{""n_stocks"": 25, ""buffer_mult"": 2.0, ""mom_lookbacks"": [126], ""mom_skip"": 0, ""sigma_window"": 63, ""top_turnover"": 150, ""stock_sma"": 250, ""weighting"": ""invvol"", ""regime_ma"": 250, ""idx_dd_exit"": 0.15, ""idx_dd_window"": 63, ""breadth_lo"": 0.2, ""breadth_hi"": 0.5, ""vol_target"": 0.3, ""vol_lambda"": 0.97, ""eq_brake_ma"": 300, ""eq_brake_scalar"": 0.3, ""crash_stop"": 0.0, ""use_breadth"": true}"
0.2847789777324174,-0.3629801363416551,1.6997562978585332,0.1380298370754618,-0.1957514669714692,1.080293859370822,0.258395186014086,-0.3629801363416551,0.5297576042486569,3.8907747596063382,rand0108,"{""n_stocks"": 25, ""buffer_mult"": 2.0, ""mom_lookbacks"": [189], ""mom_skip"": 42, ""sigma_window"": 252, ""top_turnover"": 500, ""stock_sma"": 200, ""weighting"": ""equal"", ""regime_ma"": 300, ""idx_dd_exit"": 0.15, ""idx_dd_window"": 63, ""breadth_lo"": 0.25, ""breadth_hi"": 0.55, ""vol_target"": 0.3, ""vol_lambda"": 0.97, ""eq_brake_ma"": 100, ""eq_brake_scalar"": 0.3, ""crash_stop"": 0.25, ""use_breadth"": false}"
0.2668100205029533,-0.3700074611667296,1.6331758196876591,0.1649786026422786,-0.1493942596682924,1.048837269235126,0.2487973523150322,-0.3700074611667296,0.560872821374537,4.54833521113792,rand0112,"{""n_stocks"": 20, ""buffer_mult"": 1.5, ""mom_lookbacks"": [252], ""mom_skip"": 21, ""sigma_window"": 126, ""top_turnover"": 150, ""stock_sma"": 100, ""weighting"": ""equal"", ""regime_ma"": 150, ""idx_dd_exit"": 0.08, ""idx_dd_window"": 63, ""breadth_lo"": 0.2, ""breadth_hi"": 0.45, ""vol_target"": 0.25, ""vol_lambda"": 0.97, ""eq_brake_ma"": 100, ""eq_brake_scalar"": 0.7, ""crash_stop"": 0.25, ""use_breadth"": true}"
0.2433716918832402,-0.301845377329167,1.3883308535769157,0.1757430028742013,-0.2062381959763538,1.060481188966721,0.2315259669219618,-0.301845377329167,0.5969065766700805,5.601373223756546,rand0116,"{""n_stocks"": 15, ""buffer_mult"": 1.5, ""mom_lookbacks"": [63, 126], ""mom_skip"": 21, ""sigma_window"": 252, ""top_turnover"": 150, ""stock_sma"": 200, ""weighting"": ""invvol"", ""regime_ma"": 200, ""idx_dd_exit"": 0.08, ""idx_dd_window"": 42, ""breadth_lo"": 0.3, ""breadth_hi"": 0.5, ""vol_target"": 0.25, ""vol_lambda"": 0.94, ""eq_brake_ma"": 200, ""eq_brake_scalar"": 0.7, ""crash_stop"": 0.35, ""use_breadth"": false}"
0.2815681021230092,-0.2879019670395661,1.8304433319452045,0.1640209210493073,-0.1558346193231456,1.142318782595211,0.2607436621875645,-0.2879019670395661,0.5290399881304318,3.2444096323782032,rand0120,"{""n_stocks"": 30, ""buffer_mult"": 3.0, ""mom_lookbacks"": [252], ""mom_skip"": 42, ""sigma_window"": 126, ""top_turnover"": 500, ""stock_sma"": 250, ""weighting"": ""equal"", ""regime_ma"": 200, ""idx_dd_exit"": 0.1, ""idx_dd_window"": 42, ""breadth_lo"": 0.2, ""breadth_hi"": 0.65, ""vol_target"": 0.25, ""vol_lambda"": 0.92, ""eq_brake_ma"": 100, ""eq_brake_scalar"": 0.3, ""crash_stop"": 0.0, ""use_breadth"": false}"
0.3145990486736758,-0.2803250448252703,1.910216006786324,0.1185170293918922,-0.228280477950048,0.8189402169531413,0.2792228343446203,-0.2803250448252703,0.5594386326223636,4.327359623371523,rand0124,"{""n_stocks"": 30, ""buffer_mult"": 3.0, ""mom_lookbacks"": [63, 126], ""mom_skip"": 10, ""sigma_window"": 126, ""top_turnover"": 500, ""stock_sma"": 150, ""weighting"": ""invvol"", ""regime_ma"": 200, ""idx_dd_exit"": 0.08, ""idx_dd_window"": 63, ""breadth_lo"": 0.2, ""breadth_hi"": 0.6, ""vol_target"": 0.0, ""vol_lambda"": 0.97, ""eq_brake_ma"": 200, ""eq_brake_scalar"": 0.7, ""crash_stop"": 0.35, ""use_breadth"": true}"
0.2945792066445045,-0.3701772275465214,1.7894619797759674,0.2363015593363091,-0.2112758981947738,1.4757829577841175,0.2855440001794747,-0.3701772275465214,0.6039393188044465,5.483555678698144,rand0128,"{""n_stocks"": 30, ""buffer_mult"": 1.5, ""mom_lookbacks"": [63, 126, 252], ""mom_skip"": 21, ""sigma_window"": 252, ""top_turnover"": 800, ""stock_sma"": 250, ""weighting"": ""invvol"", ""regime_ma"": 200, ""idx_dd_exit"": 0.08, ""idx_dd_window"": 63, ""breadth_lo"": 0.2, ""breadth_hi"": 0.6, ""vol_target"": 0.3, ""vol_lambda"": 0.92, ""eq_brake_ma"": 200, ""eq_brake_scalar"": 0.7, ""crash_stop"": 0.25, ""use_breadth"": false}"
0.287401534425292,-0.2987317156337511,1.4576933024283838,0.1955144429236277,-0.2234236687072539,1.0594068777308443,0.2710644830496584,-0.2987317156337511,0.5978508640949015,3.75938902864428,rand0132,"{""n_stocks"": 15, ""buffer_mult"": 3.0, ""mom_lookbacks"": [63, 126], ""mom_skip"": 10, ""sigma_window"": 252, ""top_turnover"": 200, ""stock_sma"": 200, ""weighting"": ""equal"", ""regime_ma"": 150, ""idx_dd_exit"": 0.0, ""idx_dd_window"": 63, ""breadth_lo"": 0.3, ""breadth_hi"": 0.6, ""vol_target"": 0.3, ""vol_lambda"": 0.97, ""eq_brake_ma"": 0, ""eq_brake_scalar"": 0.7, ""crash_stop"": 0.0, ""use_breadth"": true}"
0.3631389588226874,-0.3299168074932348,1.777521963995652,0.1530619910820656,-0.2271670932371851,0.8604365803053511,0.3245981019018011,-0.3299168074932348,0.5870176061702481,4.29595429375518,rand0136,"{""n_stocks"": 10, ""buffer_mult"": 2.0, ""mom_lookbacks"": [126, 252], ""mom_skip"": 0, ""sigma_window"": 63, ""top_turnover"": 300, ""stock_sma"": 150, ""weighting"": ""invvol"", ""regime_ma"": 200, ""idx_dd_exit"": 0.12, ""idx_dd_window"": 63, ""breadth_lo"": 0.25, ""breadth_hi"": 0.45, ""vol_target"": 0.0, ""vol_lambda"": 0.9, ""eq_brake_ma"": 150, ""eq_brake_scalar"": 0.5, ""crash_stop"": 0.25, ""use_breadth"": false}"
0.2649166704858388,-0.3216677009281383,1.6369029190925093,0.0750595049199598,-0.2220472565146248,0.5955919637401488,0.229724402687083,-0.3216677009281383,0.5330180899253008,5.3335467684713,rand0140,"{""n_stocks"": 20, ""buffer_mult"": 2.0, ""mom_lookbacks"": [63, 126], ""mom_skip"": 10, ""sigma_window"": 126, ""top_turnover"": 300, ""stock_sma"": 150, ""weighting"": ""invvol"", ""regime_ma"": 250, ""idx_dd_exit"": 0.08, ""idx_dd_window"": 63, ""breadth_lo"": 0.25, ""breadth_hi"": 0.55, ""vol_target"": 0.25, ""vol_lambda"": 0.92, ""eq_brake_ma"": 150, ""eq_brake_scalar"": 0.5, ""crash_stop"": 0.25, ""use_breadth"": false}"
0.2134547558216897,-0.3079320582126555,1.4484581997437194,0.1063118039577497,-0.129174615354538,0.8006186186068744,0.194416638760251,-0.3079320582126555,0.5263615143809103,3.4096919718035767,rand0144,"{""n_stocks"": 30, ""buffer_mult"": 1.5, ""mom_lookbacks"": [252], ""mom_skip"": 0, ""sigma_window"": 126, ""top_turnover"": 150, ""stock_sma"": 200, ""weighting"": ""invvol"", ""regime_ma"": 150, ""idx_dd_exit"": 0.0, ""idx_dd_window"": 126, ""breadth_lo"": 0.2, ""breadth_hi"": 0.55, ""vol_target"": 0.22, ""vol_lambda"": 0.94, ""eq_brake_ma"": 200, ""eq_brake_scalar"": 0.3, ""crash_stop"": 0.35, ""use_breadth"": false}"
0.2672653125716959,-0.2232464571697725,1.6859230076282008,0.1206744209359957,-0.2181704926754556,0.9071242643265623,0.2406315884578824,-0.2232464571697725,0.52815372010625,3.563622543465518,rand0148,"{""n_stocks"": 25, ""buffer_mult"": 3.0, ""mom_lookbacks"": [126], ""mom_skip"": 0, ""sigma_window"": 126, ""top_turnover"": 300, ""stock_sma"": 250, ""weighting"": ""equal"", ""regime_ma"": 250, ""idx_dd_exit"": 0.15, ""idx_dd_window"": 126, ""breadth_lo"": 0.15, ""breadth_hi"": 0.5, ""vol_target"": 0.22, ""vol_lambda"": 0.9, ""eq_brake_ma"": 100, ""eq_brake_scalar"": 0.5, ""crash_stop"": 0.0, ""use_breadth"": true}"
0.2049377365366627,-0.2503266006602496,1.4604437929834166,0.1894659595388068,-0.1403865950392725,1.2719355084419093,0.2025328568918623,-0.2503266006602496,0.4805420733290099,4.811345999609402,rand0152,"{""n_stocks"": 25, ""buffer_mult"": 1.0, ""mom_lookbacks"": [189], ""mom_skip"": 42, ""sigma_window"": 252, ""top_turnover"": 200, ""stock_sma"": 250, ""weighting"": ""equal"", ""regime_ma"": 200, ""idx_dd_exit"": 0.1, ""idx_dd_window"": 42, ""breadth_lo"": 0.3, ""breadth_hi"": 0.55, ""vol_target"": 0.22, ""vol_lambda"": 0.9, ""eq_brake_ma"": 200, ""eq_brake_scalar"": 0.3, ""crash_stop"": 0.2, ""use_breadth"": true}"
0.3179423754065376,-0.383143366230211,1.905962982817413,0.1830451199585876,-0.2530149875548864,1.1046109886461968,0.2937780247837738,-0.383143366230211,0.6592393372057026,4.113619482002121,rand0156,"{""n_stocks"": 25, ""buffer_mult"": 3.0, ""mom_lookbacks"": [126, 252], ""mom_skip"": 42, ""sigma_window"": 63, ""top_turnover"": 500, ""stock_sma"": 200, ""weighting"": ""invvol"", ""regime_ma"": 250, ""idx_dd_exit"": 0.1, ""idx_dd_window"": 126, ""breadth_lo"": 0.2, ""breadth_hi"": 0.65, ""vol_target"": 0.25, ""vol_lambda"": 0.94, ""eq_brake_ma"": 0, ""eq_brake_scalar"": 0.3, ""crash_stop"": 0.0, ""use_breadth"": false}"
0.2477031200143076,-0.2540237275718244,1.5146608978876237,0.1184603220160678,-0.2025760461954706,0.8335661034157286,0.2247375279698968,-0.2540237275718244,0.5514329596502991,5.0687987479636165,rand0160,"{""n_stocks"": 25, ""buffer_mult"": 1.5, ""mom_lookbacks"": [63, 126], ""mom_skip"": 21, ""sigma_window"": 252, ""top_turnover"": 200, ""stock_sma"": 150, ""weighting"": ""invvol"", ""regime_ma"": 300, ""idx_dd_exit"": 0.08, ""idx_dd_window"": 42, ""breadth_lo"": 0.15, ""breadth_hi"": 0.5, ""vol_target"": 0.0, ""vol_lambda"": 0.97, ""eq_brake_ma"": 150, ""eq_brake_scalar"": 0.5, ""crash_stop"": 0.25, ""use_breadth"": true}"
0.2953137280462032,-0.3081302789567078,1.6962290364205956,0.1299920543761166,-0.1914425297813985,0.8394267509300023,0.2655752897655461,-0.3081302789567078,0.5575123110883627,4.75509750989837,rand0164,"{""n_stocks"": 25, ""buffer_mult"": 2.0, ""mom_lookbacks"": [63, 126], ""mom_skip"": 0, ""sigma_window"": 126, ""top_turnover"": 500, ""stock_sma"": 150, ""weighting"": ""equal"", ""regime_ma"": 200, ""idx_dd_exit"": 0.0, ""idx_dd_window"": 63, ""breadth_lo"": 0.15, ""breadth_hi"": 0.6, ""vol_target"": 0.3, ""vol_lambda"": 0.9, ""eq_brake_ma"": 150, ""eq_brake_scalar"": 0.7, ""crash_stop"": 0.2, ""use_breadth"": true}"
0.342131116080842,-0.3301104559225812,1.6178899375574352,0.1377284735311705,-0.2513303531883935,0.7428736630869882,0.3043888397900696,-0.3301104559225812,0.6305891858179982,5.082549503042567,rand0168,"{""n_stocks"": 10, ""buffer_mult"": 2.0, ""mom_lookbacks"": [63, 126, 252], ""mom_skip"": 0, ""sigma_window"": 63, ""top_turnover"": 200, ""stock_sma"": 100, ""weighting"": ""invvol"", ""regime_ma"": 150, ""idx_dd_exit"": 0.12, ""idx_dd_window"": 63, ""breadth_lo"": 0.25, ""breadth_hi"": 0.55, ""vol_target"": 0.0, ""vol_lambda"": 0.97, ""eq_brake_ma"": 0, ""eq_brake_scalar"": 0.5, ""crash_stop"": 0.2, ""use_breadth"": false}"
0.2992742527413756,-0.2940849077707158,1.78237037144236,0.1522350232613298,-0.1601268182330469,0.9351739076288004,0.2731714439718464,-0.2940849077707158,0.5588610118588472,4.854126137688165,rand0172,"{""n_stocks"": 20, ""buffer_mult"": 2.0, ""mom_lookbacks"": [126, 252], ""mom_skip"": 0, ""sigma_window"": 63, ""top_turnover"": 200, ""stock_sma"": 100, ""weighting"": ""equal"", ""regime_ma"": 150, ""idx_dd_exit"": 0.08, ""idx_dd_window"": 63, ""breadth_lo"": 0.3, ""breadth_hi"": 0.55, ""vol_target"": 0.25, ""vol_lambda"": 0.9, ""eq_brake_ma"": 300, ""eq_brake_scalar"": 0.5, ""crash_stop"": 0.2, ""use_breadth"": false}"
0.2705866947146091,-0.1958339637601542,1.9905909271745683,0.1213987545514712,-0.1490345544766741,0.9224103822446172,0.2439322382327848,-0.1958339637601542,0.4828804678697495,4.054388277286188,rand0176,"{""n_stocks"": 30, ""buffer_mult"": 3.0, ""mom_lookbacks"": [63, 126], ""mom_skip"": 0, ""sigma_window"": 126, ""top_turnover"": 500, ""stock_sma"": 150, ""weighting"": ""invvol"", ""regime_ma"": 200, ""idx_dd_exit"": 0.08, ""idx_dd_window"": 63, ""breadth_lo"": 0.25, ""breadth_hi"": 0.6, ""vol_target"": 0.18, ""vol_lambda"": 0.9, ""eq_brake_ma"": 300, ""eq_brake_scalar"": 0.7, ""crash_stop"": 0.35, ""use_breadth"": true}"
0.2592648566297681,-0.3747316325247993,1.449600873705959,0.1862320408770967,-0.2792808222769677,1.1449120938591744,0.2467201640730081,-0.3747316325247993,0.6312560861151163,4.663425872373076,rand0180,"{""n_stocks"": 25, ""buffer_mult"": 1.5, ""mom_lookbacks"": [126], ""mom_skip"": 10, ""sigma_window"": 126, ""top_turnover"": 800, ""stock_sma"": 200, ""weighting"": ""equal"", ""regime_ma"": 300, ""idx_dd_exit"": 0.0, ""idx_dd_window"": 42, ""breadth_lo"": 0.15, ""breadth_hi"": 0.5, ""vol_target"": 0.3, ""vol_lambda"": 0.92, ""eq_brake_ma"": 0, ""eq_brake_scalar"": 0.7, ""crash_stop"": 0.3, ""use_breadth"": true}"
0.220444993330604,-0.3928010156477733,1.2495383184064384,0.1210760760924949,-0.2255608918507309,0.798547860872646,0.2029025137648159,-0.3928010156477733,0.5897839266297212,4.240338158917248,rand0184,"{""n_stocks"": 30, ""buffer_mult"": 1.0, ""mom_lookbacks"": [189], ""mom_skip"": 21, ""sigma_window"": 126, ""top_turnover"": 150, ""stock_sma"": 200, ""weighting"": ""equal"", ""regime_ma"": 200, ""idx_dd_exit"": 0.0, ""idx_dd_window"": 63, ""breadth_lo"": 0.25, ""breadth_hi"": 0.45, ""vol_target"": 0.0, ""vol_lambda"": 0.9, ""eq_brake_ma"": 200, ""eq_brake_scalar"": 0.5, ""crash_stop"": 0.3, ""use_breadth"": true}"
0.2766339812589606,-0.2267575938265564,1.772383412385729,0.1361145031413586,-0.1551453448480022,0.9997363628542748,0.2512920167026993,-0.2267575938265564,0.5393904128035687,3.0565646277128717,rand0188,"{""n_stocks"": 30, ""buffer_mult"": 3.0, ""mom_lookbacks"": [126, 252], ""mom_skip"": 0, ""sigma_window"": 63, ""top_turnover"": 200, ""stock_sma"": 150, ""weighting"": ""invvol"", ""regime_ma"": 150, ""idx_dd_exit"": 0.12, ""idx_dd_window"": 42, ""breadth_lo"": 0.25, ""breadth_hi"": 0.6, ""vol_target"": 0.25, ""vol_lambda"": 0.97, ""eq_brake_ma"": 150, ""eq_brake_scalar"": 0.3, ""crash_stop"": 0.35, ""use_breadth"": false}"
0.2963446372335112,-0.301279793168047,1.614513577539559,0.104853537268212,-0.1938158438258553,0.6888571432054423,0.2610977377902916,-0.301279793168047,0.5420133904532564,4.245050623741311,rand0192,"{""n_stocks"": 10, ""buffer_mult"": 3.0, ""mom_lookbacks"": [126], ""mom_skip"": 42, ""sigma_window"": 252, ""top_turnover"": 300, ""stock_sma"": 200, ""weighting"": ""invvol"", ""regime_ma"": 150, ""idx_dd_exit"": 0.15, ""idx_dd_window"": 126, ""breadth_lo"": 0.3, ""breadth_hi"": 0.45, ""vol_target"": 0.25, ""vol_lambda"": 0.92, ""eq_brake_ma"": 100, ""eq_brake_scalar"": 0.7, ""crash_stop"": 0.35, ""use_breadth"": true}"
0.2649730399573471,-0.3539187198925669,1.4181859940757162,0.0905866064465412,-0.3418597600677908,0.5257770700319467,0.2325745125887903,-0.3539187198925669,0.599072021924925,4.804594715531739,rand0196,"{""n_stocks"": 12, ""buffer_mult"": 1.5, ""mom_lookbacks"": [126, 252], ""mom_skip"": 0, ""sigma_window"": 63, ""top_turnover"": 150, ""stock_sma"": 250, ""weighting"": ""equal"", ""regime_ma"": 250, ""idx_dd_exit"": 0.08, ""idx_dd_window"": 63, ""breadth_lo"": 0.25, ""breadth_hi"": 0.6, ""vol_target"": 0.3, ""vol_lambda"": 0.97, ""eq_brake_ma"": 0, ""eq_brake_scalar"": 0.7, ""crash_stop"": 0.0, ""use_breadth"": true}"
0.261731440782017,-0.5199115782307251,1.342807724204476,0.1559136695110445,-0.2573921707063669,0.8493349344121368,0.242847485377182,-0.5199115782307251,0.611231612038837,4.739908277940812,rand0043,"{""n_stocks"": 10, ""buffer_mult"": 1.5, ""mom_lookbacks"": [252], ""mom_skip"": 21, ""sigma_window"": 126, ""top_turnover"": 150, ""stock_sma"": 250, ""weighting"": ""invvol"", ""regime_ma"": 300, ""idx_dd_exit"": 0.1, ""idx_dd_window"": 126, ""breadth_lo"": 0.3, ""breadth_hi"": 0.6, ""vol_target"": 0.0, ""vol_lambda"": 0.9, ""eq_brake_ma"": 200, ""eq_brake_scalar"": 0.7, ""crash_stop"": 0.25, ""use_breadth"": false}"
0.278620042350084,-0.3433895351110203,1.7788177651640662,0.3412261530952107,-0.1668803958391134,2.1147927014809813,0.2896009747851096,-0.3433895351110203,0.493766384611029,4.838702968053769,rand0047,"{""n_stocks"": 10, ""buffer_mult"": 1.5, ""mom_lookbacks"": [189], ""mom_skip"": 10, ""sigma_window"": 126, ""top_turnover"": 800, ""stock_sma"": 100, ""weighting"": ""invvol"", ""regime_ma"": 150, ""idx_dd_exit"": 0.08, ""idx_dd_window"": 42, ""breadth_lo"": 0.3, ""breadth_hi"": 0.45, ""vol_target"": 0.18, ""vol_lambda"": 0.97, ""eq_brake_ma"": 150, ""eq_brake_scalar"": 0.7, ""crash_stop"": 0.25, ""use_breadth"": false}"
0.3200729771972121,-0.3027760452286598,1.8548370716569704,0.2776686217915092,-0.2966577726983956,1.589727528354345,0.3133313131235866,-0.3027760452286598,0.5954287182292861,3.475358100112679,rand0051,"{""n_stocks"": 15, ""buffer_mult"": 3.0, ""mom_lookbacks"": [189], ""mom_skip"": 0, ""sigma_window"": 126, ""top_turnover"": 800, ""stock_sma"": 250, ""weighting"": ""invvol"", ""regime_ma"": 300, ""idx_dd_exit"": 0.15, ""idx_dd_window"": 42, ""breadth_lo"": 0.15, ""breadth_hi"": 0.5, ""vol_target"": 0.22, ""vol_lambda"": 0.92, ""eq_brake_ma"": 0, ""eq_brake_scalar"": 0.5, ""crash_stop"": 0.0, ""use_breadth"": true}"
0.2118563803012203,-0.2835016239465148,1.6741443333012846,0.1222337157911108,-0.1763069246228193,1.0132945255998629,0.1959886385790779,-0.2835016239465148,0.4947249629724001,4.0694988122249125,rand0055,"{""n_stocks"": 30, ""buffer_mult"": 2.0, ""mom_lookbacks"": [63, 126, 252], ""mom_skip"": 42, ""sigma_window"": 126, ""top_turnover"": 150, ""stock_sma"": 100, ""weighting"": ""invvol"", ""regime_ma"": 250, ""idx_dd_exit"": 0.08, ""idx_dd_window"": 126, ""breadth_lo"": 0.25, ""breadth_hi"": 0.5, ""vol_target"": 0.18, ""vol_lambda"": 0.94, ""eq_brake_ma"": 100, ""eq_brake_scalar"": 0.7, ""crash_stop"": 0.0, ""use_breadth"": true}"
0.3023165432336026,-0.385431418936719,1.636679111955104,0.1128888346212766,-0.4348889367977668,0.73702678644436,0.2677064516199108,-0.4348889367977668,0.5597685945277704,5.4595008063314845,rand0059,"{""n_stocks"": 10, ""buffer_mult"": 1.5, ""mom_lookbacks"": [63, 126, 252], ""mom_skip"": 0, ""sigma_window"": 126, ""top_turnover"": 500, ""stock_sma"": 100, ""weighting"": ""equal"", ""regime_ma"": 200, ""idx_dd_exit"": 0.15, ""idx_dd_window"": 42, ""breadth_lo"": 0.3, ""breadth_hi"": 0.6, ""vol_target"": 0.22, ""vol_lambda"": 0.97, ""eq_brake_ma"": 300, ""eq_brake_scalar"": 0.7, ""crash_stop"": 0.2, ""use_breadth"": false}"
0.1993266001300218,-0.3660094815623977,1.0619610199869929,0.1413991006671509,-0.2137787414822793,0.8232717522949945,0.1891838198676059,-0.3660094815623977,0.5588261677923129,3.917770653354368,rand0063,"{""n_stocks"": 12, ""buffer_mult"": 3.0, ""mom_lookbacks"": [126], ""mom_skip"": 0, ""sigma_window"": 252, ""top_turnover"": 150, ""stock_sma"": 250, ""weighting"": ""invvol"", ""regime_ma"": 250, ""idx_dd_exit"": 0.15, ""idx_dd_window"": 126, ""breadth_lo"": 0.15, ""breadth_hi"": 0.6, ""vol_target"": 0.3, ""vol_lambda"": 0.92, ""eq_brake_ma"": 300, ""eq_brake_scalar"": 0.3, ""crash_stop"": 0.35, ""use_breadth"": false}"
0.2499377666013755,-0.3866078683404716,1.451097342676862,0.1436573702185346,-0.2293455825567745,0.8945257937682998,0.2313719256005282,-0.3866078683404716,0.6621914176824626,6.403145075169829,rand0067,"{""n_stocks"": 30, ""buffer_mult"": 1.0, ""mom_lookbacks"": [63, 126], ""mom_skip"": 21, ""sigma_window"": 252, ""top_turnover"": 500, ""stock_sma"": 100, ""weighting"": ""invvol"", ""regime_ma"": 250, ""idx_dd_exit"": 0.1, ""idx_dd_window"": 42, ""breadth_lo"": 0.2, ""breadth_hi"": 0.5, ""vol_target"": 0.25, ""vol_lambda"": 0.92, ""eq_brake_ma"": 0, ""eq_brake_scalar"": 0.5, ""crash_stop"": 0.35, ""use_breadth"": false}"
0.2965894387855277,-0.3112606514778258,1.7367669920691255,0.0659503880237679,-0.3379584637485319,0.5227572199877215,0.2533575625975364,-0.3379584637485318,0.5206091844109842,4.6785370640784,rand0071,"{""n_stocks"": 10, ""buffer_mult"": 2.0, ""mom_lookbacks"": [189], ""mom_skip"": 42, ""sigma_window"": 252, ""top_turnover"": 300, ""stock_sma"": 100, ""weighting"": ""equal"", ""regime_ma"": 300, ""idx_dd_exit"": 0.15, ""idx_dd_window"": 42, ""breadth_lo"": 0.15, ""breadth_hi"": 0.5, ""vol_target"": 0.22, ""vol_lambda"": 0.92, ""eq_brake_ma"": 100, ""eq_brake_scalar"": 0.5, ""crash_stop"": 0.25, ""use_breadth"": false}"
0.369681634061928,-0.2394088565643314,2.083305124368189,0.2316623057319653,-0.2175962853517351,1.542047238723409,0.3447468681817816,-0.2394088565643314,0.4789383193025694,3.5811041329073703,rand0075,"{""n_stocks"": 10, ""buffer_mult"": 1.5, ""mom_lookbacks"": [252], ""mom_skip"": 10, ""sigma_window"": 63, ""top_turnover"": 800, ""stock_sma"": 150, ""weighting"": ""equal"", ""regime_ma"": 200, ""idx_dd_exit"": 0.12, ""idx_dd_window"": 63, ""breadth_lo"": 0.3, ""breadth_hi"": 0.65, ""vol_target"": 0.3, ""vol_lambda"": 0.94, ""eq_brake_ma"": 150, ""eq_brake_scalar"": 0.3, ""crash_stop"": 0.3, ""use_breadth"": true}"
0.2377889485405275,-0.208320948167376,1.677518489153807,0.1032337151901925,-0.1797132547721688,0.7652632042833263,0.213783879076471,-0.208320948167376,0.4642267995348458,5.031655456661557,rand0079,"{""n_stocks"": 15, ""buffer_mult"": 1.0, ""mom_lookbacks"": [126], ""mom_skip"": 10, ""sigma_window"": 126, ""top_turnover"": 300, ""stock_sma"": 250, ""weighting"": ""equal"", ""regime_ma"": 150, ""idx_dd_exit"": 0.1, ""idx_dd_window"": 126, ""breadth_lo"": 0.3, ""breadth_hi"": 0.55, ""vol_target"": 0.18, ""vol_lambda"": 0.9, ""eq_brake_ma"": 200, ""eq_brake_scalar"": 0.7, ""crash_stop"": 0.25, ""use_breadth"": true}"
0.3681090556069453,-0.2447314591877941,2.210881099384123,0.3409573248064976,-0.1853570996095076,2.133429623356195,0.3643414033615011,-0.2447314591877941,0.5494372060913965,5.578193489263318,rand0083,"{""n_stocks"": 15, ""buffer_mult"": 1.0, ""mom_lookbacks"": [126, 252], ""mom_skip"": 21, ""sigma_window"": 126, ""top_turnover"": 800, ""stock_sma"": 150, ""weighting"": ""invvol"", ""regime_ma"": 150, ""idx_dd_exit"": 0.08, ""idx_dd_window"": 63, ""breadth_lo"": 0.25, ""breadth_hi"": 0.45, ""vol_target"": 0.25, ""vol_lambda"": 0.9, ""eq_brake_ma"": 200, ""eq_brake_scalar"": 0.7, ""crash_stop"": 0.25, ""use_breadth"": true}"
0.2952881350342329,-0.2338580615281705,1.9056310567848285,0.1794877226987534,-0.1567706594750318,1.3162382113145634,0.2746598391279651,-0.2338580615281705,0.5265612124925928,5.362006206301137,rand0087,"{""n_stocks"": 25, ""buffer_mult"": 1.0, ""mom_lookbacks"": [63, 126], ""mom_skip"": 42, ""sigma_window"": 63, ""top_turnover"": 500, ""stock_sma"": 200, ""weighting"": ""invvol"", ""regime_ma"": 150, ""idx_dd_exit"": 0.1, ""idx_dd_window"": 42, ""breadth_lo"": 0.25, ""breadth_hi"": 0.5, ""vol_target"": 0.0, ""vol_lambda"": 0.94, ""eq_brake_ma"": 100, ""eq_brake_scalar"": 0.3, ""crash_stop"": 0.25, ""use_breadth"": false}"
0.2833813732376917,-0.445008797083387,1.5227139104722909,0.2152861686498182,-0.2912742335910984,1.1586663194590203,0.2714841282786218,-0.445008797083387,0.6458224356826207,3.915679227450994,rand0091,"{""n_stocks"": 12, ""buffer_mult"": 3.0, ""mom_lookbacks"": [252], ""mom_skip"": 42, ""sigma_window"": 63, ""top_turnover"": 300, ""stock_sma"": 250, ""weighting"": ""invvol"", ""regime_ma"": 150, ""idx_dd_exit"": 0.0, ""idx_dd_window"": 126, ""breadth_lo"": 0.3, ""breadth_hi"": 0.55, ""vol_target"": 0.3, ""vol_lambda"": 0.92, ""eq_brake_ma"": 0, ""eq_brake_scalar"": 0.3, ""crash_stop"": 0.35, ""use_breadth"": false}"
0.228726659249963,-0.3475734561845905,1.2809120294229528,0.1169220448937919,-0.2041794214499482,0.7483008275343165,0.2087726953654636,-0.3475734561845905,0.5811756380910456,3.6782339498499073,rand0095,"{""n_stocks"": 25, ""buffer_mult"": 1.5, ""mom_lookbacks"": [63, 126, 252], ""mom_skip"": 10, ""sigma_window"": 63, ""top_turnover"": 200, ""stock_sma"": 250, ""weighting"": ""equal"", ""regime_ma"": 250, ""idx_dd_exit"": 0.15, ""idx_dd_window"": 126, ""breadth_lo"": 0.25, ""breadth_hi"": 0.6, ""vol_target"": 0.3, ""vol_lambda"": 0.92, ""eq_brake_ma"": 300, ""eq_brake_scalar"": 0.3, ""crash_stop"": 0.0, ""use_breadth"": false}"
0.2379827642735463,-0.5169020825681645,1.3957284201668665,0.1525197077090117,-0.253129228185294,1.0296224901057849,0.2231662931477263,-0.5169020825681645,0.613500344760864,4.349293136733505,rand0099,"{""n_stocks"": 20, ""buffer_mult"": 2.0, ""mom_lookbacks"": [189], ""mom_skip"": 21, ""sigma_window"": 126, ""top_turnover"": 200, ""stock_sma"": 250, ""weighting"": ""invvol"", ""regime_ma"": 300, ""idx_dd_exit"": 0.0, ""idx_dd_window"": 126, ""breadth_lo"": 0.15, ""breadth_hi"": 0.5, ""vol_target"": 0.25, ""vol_lambda"": 0.97, ""eq_brake_ma"": 200, ""eq_brake_scalar"": 0.5, ""crash_stop"": 0.2, ""use_breadth"": false}"
0.3335693651456686,-0.3921550548748218,1.850725524450868,0.1926178075827915,-0.1921550228271074,1.151235849194008,0.3083893174403871,-0.3921550548748218,0.6488767713351926,4.60171039391705,rand0103,"{""n_stocks"": 20, ""buffer_mult"": 1.5, ""mom_lookbacks"": [252], ""mom_skip"": 21, ""sigma_window"": 126, ""top_turnover"": 300, ""stock_sma"": 100, ""weighting"": ""invvol"", ""regime_ma"": 150, ""idx_dd_exit"": 0.15, ""idx_dd_window"": 126, ""breadth_lo"": 0.2, ""breadth_hi"": 0.55, ""vol_target"": 0.3, ""vol_lambda"": 0.94, ""eq_brake_ma"": 0, ""eq_brake_scalar"": 0.5, ""crash_stop"": 0.35, ""use_breadth"": false}"
0.2603492479473057,-0.3471124865739846,1.4495866048964472,0.0670543720302019,-0.3940743718366407,0.4251436869556414,0.2240883627282743,-0.3940743718366409,0.5945153082102796,5.599016782913554,rand0107,"{""n_stocks"": 12, ""buffer_mult"": 1.5, ""mom_lookbacks"": [63, 126, 252], ""mom_skip"": 0, ""sigma_window"": 63, ""top_turnover"": 150, ""stock_sma"": 250, ""weighting"": ""invvol"", ""regime_ma"": 300, ""idx_dd_exit"": 0.08, ""idx_dd_window"": 63, ""breadth_lo"": 0.2, ""breadth_hi"": 0.6, ""vol_target"": 0.3, ""vol_lambda"": 0.97, ""eq_brake_ma"": 0, ""eq_brake_scalar"": 0.7, ""crash_stop"": 0.2, ""use_breadth"": true}"
0.2027023068456321,-0.2410245164736077,1.3946845257050893,0.1222324442184361,-0.1560964799844361,0.9727112836858068,0.1883085733159695,-0.2410245164736077,0.4322648170548923,4.660220193917691,rand0111,"{""n_stocks"": 12, ""buffer_mult"": 1.0, ""mom_lookbacks"": [189], ""mom_skip"": 10, ""sigma_window"": 252, ""top_turnover"": 200, ""stock_sma"": 100, ""weighting"": ""equal"", ""regime_ma"": 300, ""idx_dd_exit"": 0.1, ""idx_dd_window"": 126, ""breadth_lo"": 0.3, ""breadth_hi"": 0.45, ""vol_target"": 0.18, ""vol_lambda"": 0.9, ""eq_brake_ma"": 300, ""eq_brake_scalar"": 0.3, ""crash_stop"": 0.3, ""use_breadth"": false}"
0.2867018797899761,-0.394987023585358,1.6203385721254615,0.1562856936351857,-0.318021180738772,0.9290331188091,0.2631216125161781,-0.394987023585358,0.6380593813996466,5.176915570488983,rand0115,"{""n_stocks"": 12, ""buffer_mult"": 1.0, ""mom_lookbacks"": [252], ""mom_skip"": 42, ""sigma_window"": 63, ""top_turnover"": 500, ""stock_sma"": 200, ""weighting"": ""invvol"", ""regime_ma"": 250, ""idx_dd_exit"": 0.15, ""idx_dd_window"": 126, ""breadth_lo"": 0.15, ""breadth_hi"": 0.55, ""vol_target"": 0.22, ""vol_lambda"": 0.92, ""eq_brake_ma"": 0, ""eq_brake_scalar"": 0.7, ""crash_stop"": 0.0, ""use_breadth"": false}"
0.2344839482298648,-0.2500670222063582,1.4733523819597338,0.1028249982546232,-0.183773546674905,0.7658739596782324,0.2108474536409557,-0.2500670222063582,0.5373352990011051,3.9806672209266782,rand0119,"{""n_stocks"": 20, ""buffer_mult"": 2.0, ""mom_lookbacks"": [63, 126, 252], ""mom_skip"": 10, ""sigma_window"": 252, ""top_turnover"": 150, ""stock_sma"": 100, ""weighting"": ""invvol"", ""regime_ma"": 250, ""idx_dd_exit"": 0.0, ""idx_dd_window"": 126, ""breadth_lo"": 0.15, ""breadth_hi"": 0.45, ""vol_target"": 0.25, ""vol_lambda"": 0.9, ""eq_brake_ma"": 150, ""eq_brake_scalar"": 0.5, ""crash_stop"": 0.2, ""use_breadth"": true}"
0.3143097235655052,-0.4081589680252344,1.8337182450661096,0.3388538824811571,-0.2052033153719769,2.03221126534925,0.3193386421074597,-0.4081589680252344,0.6751385707540559,4.602106544415765,rand0123,"{""n_stocks"": 25, ""buffer_mult"": 2.0, ""mom_lookbacks"": [126, 252], ""mom_skip"": 21, ""sigma_window"": 63, ""top_turnover"": 800, ""stock_sma"": 150, ""weighting"": ""invvol"", ""regime_ma"": 250, ""idx_dd_exit"": 0.1, ""idx_dd_window"": 42, ""breadth_lo"": 0.2, ""breadth_hi"": 0.6, ""vol_target"": 0.3, ""vol_lambda"": 0.97, ""eq_brake_ma"": 0, ""eq_brake_scalar"": 0.5, ""crash_stop"": 0.3, ""use_breadth"": false}"
0.234925341225032,-0.222960790832173,1.6650137444744018,0.1079157613058143,-0.2198201354364125,0.8722250546490903,0.2120262989071273,-0.222960790832173,0.4697727288549868,3.250654716821651,rand0127,"{""n_stocks"": 15, ""buffer_mult"": 3.0, ""mom_lookbacks"": [63, 126], ""mom_skip"": 21, ""sigma_window"": 126, ""top_turnover"": 300, ""stock_sma"": 200, ""weighting"": ""invvol"", ""regime_ma"": 300, ""idx_dd_exit"": 0.0, ""idx_dd_window"": 126, ""breadth_lo"": 0.3, ""breadth_hi"": 0.55, ""vol_target"": 0.18, ""vol_lambda"": 0.94, ""eq_brake_ma"": 150, ""eq_brake_scalar"": 0.5, ""crash_stop"": 0.0, ""use_breadth"": true}"
0.2486156681893967,-0.2652264544232362,1.8228200503229264,0.2129133080285408,-0.1308101597091903,1.532421360690819,0.242329688248071,-0.2652264544232362,0.4229764358330658,3.766613599416539,rand0131,"{""n_stocks"": 10, ""buffer_mult"": 2.0, ""mom_lookbacks"": [126], ""mom_skip"": 21, ""sigma_window"": 63, ""top_turnover"": 800, ""stock_sma"": 250, ""weighting"": ""equal"", ""regime_ma"": 150, ""idx_dd_exit"": 0.0, ""idx_dd_window"": 126, ""breadth_lo"": 0.2, ""breadth_hi"": 0.5, ""vol_target"": 0.18, ""vol_lambda"": 0.94, ""eq_brake_ma"": 150, ""eq_brake_scalar"": 0.5, ""crash_stop"": 0.3, ""use_breadth"": true}"
0.2598860483482088,-0.259674040754114,1.529778824577121,0.122953911216562,-0.1518992870247155,0.9448561951694152,0.2349644895497411,-0.259674040754114,0.4717097691723483,4.915419062327879,rand0135,"{""n_stocks"": 10, ""buffer_mult"": 1.0, ""mom_lookbacks"": [63, 126], ""mom_skip"": 10, ""sigma_window"": 63, ""top_turnover"": 300, ""stock_sma"": 250, ""weighting"": ""invvol"", ""regime_ma"": 150, ""idx_dd_exit"": 0.1, ""idx_dd_window"": 63, ""breadth_lo"": 0.3, ""breadth_hi"": 0.5, ""vol_target"": 0.22, ""vol_lambda"": 0.97, ""eq_brake_ma"": 200, ""eq_brake_scalar"": 0.3, ""crash_stop"": 0.35, ""use_breadth"": false}"
0.2846891926656929,-0.2930090385458695,1.5420779099749664,0.1111772004966642,-0.2238654486416663,0.696033900419008,0.2532467831255431,-0.2930090385458695,0.6272123382155358,4.690978025064155,rand0139,"{""n_stocks"": 20, ""buffer_mult"": 2.0, ""mom_lookbacks"": [63, 126], ""mom_skip"": 0, ""sigma_window"": 126, ""top_turnover"": 300, ""stock_sma"": 150, ""weighting"": ""invvol"", ""regime_ma"": 200, ""idx_dd_exit"": 0.12, ""idx_dd_window"": 42, ""breadth_lo"": 0.2, ""breadth_hi"": 0.55, ""vol_target"": 0.0, ""vol_lambda"": 0.97, ""eq_brake_ma"": 150, ""eq_brake_scalar"": 0.7, ""crash_stop"": 0.3, ""use_breadth"": false}"
0.31453898990712,-0.4023849668467473,1.5791115326738288,0.0627795412691558,-0.327969541162268,0.4664865020384262,0.2672260491630021,-0.4023849668467473,0.5770016224780201,4.099186142956919,rand0143,"{""n_stocks"": 12, ""buffer_mult"": 2.0, ""mom_lookbacks"": [126, 252], ""mom_skip"": 0, ""sigma_window"": 252, ""top_turnover"": 500, ""stock_sma"": 200, ""weighting"": ""invvol"", ""regime_ma"": 150, ""idx_dd_exit"": 0.0, ""idx_dd_window"": 42, ""breadth_lo"": 0.25, ""breadth_hi"": 0.5, ""vol_target"": 0.3, ""vol_lambda"": 0.92, ""eq_brake_ma"": 200, ""eq_brake_scalar"": 0.5, ""crash_stop"": 0.3, ""use_breadth"": false}"
0.2399410616368249,-0.3275403789176637,1.4229260565764226,0.1115127008744929,-0.2764309654295115,0.7527729525768851,0.21681667530718,-0.3275403789176637,0.6097663693163178,4.464073833216235,rand0147,"{""n_stocks"": 30, ""buffer_mult"": 1.5, ""mom_lookbacks"": [126, 252], ""mom_skip"": 21, ""sigma_window"": 252, ""top_turnover"": 150, ""stock_sma"": 100, ""weighting"": ""equal"", ""regime_ma"": 250, ""idx_dd_exit"": 0.1, ""idx_dd_window"": 42, ""breadth_lo"": 0.3, ""breadth_hi"": 0.45, ""vol_target"": 0.22, ""vol_lambda"": 0.97, ""eq_brake_ma"": 300, ""eq_brake_scalar"": 0.7, ""crash_stop"": 0.25, ""use_breadth"": false}"
0.3057000719322349,-0.3641681775720711,1.6681702574848405,0.1699700560999295,-0.2684806254153917,1.0464555498926889,0.2812434463291446,-0.3641681775720711,0.5647256296596574,4.567415691867616,rand0151,"{""n_stocks"": 12, ""buffer_mult"": 2.0, ""mom_lookbacks"": [63, 126, 252], ""mom_skip"": 21, ""sigma_window"": 63, ""top_turnover"": 800, ""stock_sma"": 200, ""weighting"": ""equal"", ""regime_ma"": 300, ""idx_dd_exit"": 0.15, ""idx_dd_window"": 126, ""breadth_lo"": 0.3, ""breadth_hi"": 0.65, ""vol_target"": 0.3, ""vol_lambda"": 0.9, ""eq_brake_ma"": 300, ""eq_brake_scalar"": 0.3, ""crash_stop"": 0.25, ""use_breadth"": false}"
0.2168714053330378,-0.2935506436914631,1.3873216711383456,0.1158323878250691,-0.1966573950587815,0.848434156244264,0.1988770284757337,-0.2935506436914631,0.5839913948300492,3.5249050459483966,rand0155,"{""n_stocks"": 30, ""buffer_mult"": 3.0, ""mom_lookbacks"": [63, 126], ""mom_skip"": 42, ""sigma_window"": 63, ""top_turnover"": 150, ""stock_sma"": 250, ""weighting"": ""invvol"", ""regime_ma"": 250, ""idx_dd_exit"": 0.12, ""idx_dd_window"": 63, ""breadth_lo"": 0.25, ""breadth_hi"": 0.65, ""vol_target"": 0.0, ""vol_lambda"": 0.9, ""eq_brake_ma"": 200, ""eq_brake_scalar"": 0.7, ""crash_stop"": 0.25, ""use_breadth"": true}"
0.3094729654781978,-0.2162356446707893,1.922724653317064,0.0934273898235709,-0.1699421963121403,0.7290782281629601,0.2694630935089503,-0.2162356446707893,0.4651143490956962,4.257815581444272,rand0159,"{""n_stocks"": 20, ""buffer_mult"": 1.5, ""mom_lookbacks"": [63, 126], ""mom_skip"": 0, ""sigma_window"": 63, ""top_turnover"": 500, ""stock_sma"": 100, ""weighting"": ""equal"", ""regime_ma"": 150, ""idx_dd_exit"": 0.1, ""idx_dd_window"": 63, ""breadth_lo"": 0.25, ""breadth_hi"": 0.5, ""vol_target"": 0.25, ""vol_lambda"": 0.92, ""eq_brake_ma"": 100, ""eq_brake_scalar"": 0.3, ""crash_stop"": 0.35, ""use_breadth"": true}"
0.3936413392063667,-0.3816629895582862,1.901568776404344,-0.0362506093570488,-0.5647307627121514,-0.0845838613778058,0.3070835036611021,-0.5647307627121514,0.6175938251826172,5.173359046128279,rand0163,"{""n_stocks"": 10, ""buffer_mult"": 2.0, ""mom_lookbacks"": [126, 252], ""mom_skip"": 0, ""sigma_window"": 63, ""top_turnover"": 500, ""stock_sma"": 200, ""weighting"": ""invvol"", ""regime_ma"": 300, ""idx_dd_exit"": 0.12, ""idx_dd_window"": 42, ""breadth_lo"": 0.2, ""breadth_hi"": 0.55, ""vol_target"": 0.0, ""vol_lambda"": 0.94, ""eq_brake_ma"": 0, ""eq_brake_scalar"": 0.7, ""crash_stop"": 0.2, ""use_breadth"": true}"
0.2833129256317654,-0.3003052244086571,1.5561641136474724,0.0446582148410201,-0.3053221530118232,0.3516453457982237,0.2382951074666732,-0.3053221530118232,0.5590361246612814,5.074657221679472,rand0167,"{""n_stocks"": 10, ""buffer_mult"": 1.0, ""mom_lookbacks"": [126, 252], ""mom_skip"": 0, ""sigma_window"": 126, ""top_turnover"": 300, ""stock_sma"": 250, ""weighting"": ""equal"", ""regime_ma"": 200, ""idx_dd_exit"": 0.0, ""idx_dd_window"": 126, ""breadth_lo"": 0.3, ""breadth_hi"": 0.5, ""vol_target"": 0.22, ""vol_lambda"": 0.92, ""eq_brake_ma"": 200, ""eq_brake_scalar"": 0.7, ""crash_stop"": 0.25, ""use_breadth"": false}"
0.2233587854717764,-0.305093818713312,1.4226478080894975,0.1187257195139428,-0.1556694388394343,0.8377584719250751,0.2044059718547095,-0.305093818713312,0.5238921177604053,4.722041518167375,rand0171,"{""n_stocks"": 30, ""buffer_mult"": 1.0, ""mom_lookbacks"": [126], ""mom_skip"": 0, ""sigma_window"": 252, ""top_turnover"": 200, ""stock_sma"": 250, ""weighting"": ""equal"", ""regime_ma"": 150, ""idx_dd_exit"": 0.12, ""idx_dd_window"": 126, ""breadth_lo"": 0.2, ""breadth_hi"": 0.5, ""vol_target"": 0.22, ""vol_lambda"": 0.94, ""eq_brake_ma"": 150, ""eq_brake_scalar"": 0.5, ""crash_stop"": 0.25, ""use_breadth"": false}"
0.2140975688709665,-0.3845671383728367,1.219115777713334,0.0284567482411066,-0.4293499367728126,0.2460812907048162,0.1801302869843042,-0.4293499367728126,0.6732281894904105,6.779107288273707,rand0175,"{""n_stocks"": 30, ""buffer_mult"": 1.0, ""mom_lookbacks"": [126], ""mom_skip"": 21, ""sigma_window"": 63, ""top_turnover"": 150, ""stock_sma"": 100, ""weighting"": ""equal"", ""regime_ma"": 300, ""idx_dd_exit"": 0.08, ""idx_dd_window"": 42, ""breadth_lo"": 0.25, ""breadth_hi"": 0.45, ""vol_target"": 0.0, ""vol_lambda"": 0.97, ""eq_brake_ma"": 0, ""eq_brake_scalar"": 0.3, ""crash_stop"": 0.35, ""use_breadth"": false}"
0.3305820499726086,-0.3342682056770463,1.6357883996965068,0.183578399873459,-0.4088916881501699,1.0824246404564584,0.3044224825224928,-0.4088916881501699,0.6480237780566973,5.575679269395508,rand0179,"{""n_stocks"": 12, ""buffer_mult"": 1.0, ""mom_lookbacks"": [126, 252], ""mom_skip"": 10, ""sigma_window"": 126, ""top_turnover"": 800, ""stock_sma"": 100, ""weighting"": ""equal"", ""regime_ma"": 300, ""idx_dd_exit"": 0.1, ""idx_dd_window"": 42, ""breadth_lo"": 0.2, ""breadth_hi"": 0.5, ""vol_target"": 0.3, ""vol_lambda"": 0.94, ""eq_brake_ma"": 150, ""eq_brake_scalar"": 0.7, ""crash_stop"": 0.0, ""use_breadth"": false}"
0.2710994961390867,-0.2406115557966655,1.724546826481028,0.2021682685473851,-0.1433360989489736,1.3553197955768264,0.2587337050304872,-0.2406115557966655,0.5048662662983328,4.82330912386691,rand0183,"{""n_stocks"": 12, ""buffer_mult"": 1.0, ""mom_lookbacks"": [189], ""mom_skip"": 42, ""sigma_window"": 252, ""top_turnover"": 150, ""stock_sma"": 150, ""weighting"": ""invvol"", ""regime_ma"": 200, ""idx_dd_exit"": 0.15, ""idx_dd_window"": 42, ""breadth_lo"": 0.3, ""breadth_hi"": 0.5, ""vol_target"": 0.22, ""vol_lambda"": 0.9, ""eq_brake_ma"": 100, ""eq_brake_scalar"": 0.5, ""crash_stop"": 0.25, ""use_breadth"": true}"
0.3161687264403361,-0.4201940605083621,1.4626013249212937,0.1471396159945481,-0.3292115611266752,0.7702412092052396,0.2858592508238566,-0.4201940605083621,0.6592536939644377,3.8312911802773657,rand0187,"{""n_stocks"": 12, ""buffer_mult"": 3.0, ""mom_lookbacks"": [189], ""mom_skip"": 21, ""sigma_window"": 252, ""top_turnover"": 300, ""stock_sma"": 200, ""weighting"": ""equal"", ""regime_ma"": 150, ""idx_dd_exit"": 0.0, ""idx_dd_window"": 63, ""breadth_lo"": 0.3, ""breadth_hi"": 0.5, ""vol_target"": 0.0, ""vol_lambda"": 0.94, ""eq_brake_ma"": 0, ""eq_brake_scalar"": 0.5, ""crash_stop"": 0.0, ""use_breadth"": false}"
0.2373301469584177,-0.2315437212389,1.7027762372212625,0.1767239570640542,-0.1554181158633353,1.319901999276336,0.2267332873189118,-0.2315437212389,0.5050430122262576,3.824067579847604,rand0191,"{""n_stocks"": 25, ""buffer_mult"": 1.5, ""mom_lookbacks"": [63, 126, 252], ""mom_skip"": 42, ""sigma_window"": 63, ""top_turnover"": 200, ""stock_sma"": 150, ""weighting"": ""equal"", ""regime_ma"": 200, ""idx_dd_exit"": 0.0, ""idx_dd_window"": 63, ""breadth_lo"": 0.15, ""breadth_hi"": 0.6, ""vol_target"": 0.18, ""vol_lambda"": 0.92, ""eq_brake_ma"": 300, ""eq_brake_scalar"": 0.5, ""crash_stop"": 0.25, ""use_breadth"": true}"
0.3001021963871624,-0.3054039946031901,1.8706057570774364,0.224196269342447,-0.1394321521128962,1.4601963253529386,0.2872413947386378,-0.3054039946031901,0.5835497898259732,4.620574407352331,rand0195,"{""n_stocks"": 25, ""buffer_mult"": 1.0, ""mom_lookbacks"": [126, 252], ""mom_skip"": 42, ""sigma_window"": 63, ""top_turnover"": 500, ""stock_sma"": 250, ""weighting"": ""invvol"", ""regime_ma"": 150, ""idx_dd_exit"": 0.15, ""idx_dd_window"": 42, ""breadth_lo"": 0.15, ""breadth_hi"": 0.55, ""vol_target"": 0.3, ""vol_lambda"": 0.97, ""eq_brake_ma"": 100, ""eq_brake_scalar"": 0.7, ""crash_stop"": 0.35, ""use_breadth"": true}"
0.2526583460700318,-0.3568939567483956,1.5614631194663195,0.1092095335647613,-0.2874138153559989,0.751562232596622,0.2266827220141749,-0.3568939567483956,0.6284816256198507,3.405435508233783,rand0199,"{""n_stocks"": 20, ""buffer_mult"": 3.0, ""mom_lookbacks"": [252], ""mom_skip"": 42, ""sigma_window"": 126, ""top_turnover"": 200, ""stock_sma"": 250, ""weighting"": ""invvol"", ""regime_ma"": 300, ""idx_dd_exit"": 0.15, ""idx_dd_window"": 42, ""breadth_lo"": 0.15, ""breadth_hi"": 0.65, ""vol_target"": 0.22, ""vol_lambda"": 0.94, ""eq_brake_ma"": 150, ""eq_brake_scalar"": 0.7, ""crash_stop"": 0.0, ""use_breadth"": false}"
